{
  "click-catogery" : {
    "transaction" : "click-catogery",
    "sampleCount" : 56,
    "errorCount" : 0,
    "errorPct" : 0.0,
    "meanResTime" : 173.8571428571428,
    "medianResTime" : 165.0,
    "minResTime" : 0.0,
    "maxResTime" : 290.0,
    "pct1ResTime" : 216.60000000000005,
    "pct2ResTime" : 256.79999999999995,
    "pct3ResTime" : 290.0,
    "throughput" : 0.6509281538050238,
    "receivedKBytesPerSec" : 2.45974425279841,
    "sentKBytesPerSec" : 0.40654631397403257
  },
  "click-proceedtocheckout-193" : {
    "transaction" : "click-proceedtocheckout-193",
    "sampleCount" : 54,
    "errorCount" : 0,
    "errorPct" : 0.0,
    "meanResTime" : 179.59259259259258,
    "medianResTime" : 165.0,
    "minResTime" : 160.0,
    "maxResTime" : 357.0,
    "pct1ResTime" : 230.0,
    "pct2ResTime" : 265.25,
    "pct3ResTime" : 357.0,
    "throughput" : 0.6657132994723606,
    "receivedKBytesPerSec" : 3.602263078492529,
    "sentKBytesPerSec" : 0.4316734676266088
  },
  "loginbyusername-password" : {
    "transaction" : "loginbyusername-password",
    "sampleCount" : 57,
    "errorCount" : 0,
    "errorPct" : 0.0,
    "meanResTime" : 591.6315789473684,
    "medianResTime" : 505.0,
    "minResTime" : 483.0,
    "maxResTime" : 1715.0,
    "pct1ResTime" : 802.6,
    "pct2ResTime" : 959.799999999997,
    "pct3ResTime" : 1715.0,
    "throughput" : 0.638169238003538,
    "receivedKBytesPerSec" : 6.493761230938893,
    "sentKBytesPerSec" : 1.5263340151201326
  },
  "click-productid-189" : {
    "transaction" : "click-productid-189",
    "sampleCount" : 55,
    "errorCount" : 0,
    "errorPct" : 0.0,
    "meanResTime" : 167.98181818181814,
    "medianResTime" : 165.0,
    "minResTime" : 162.0,
    "maxResTime" : 213.0,
    "pct1ResTime" : 173.8,
    "pct2ResTime" : 188.19999999999996,
    "pct3ResTime" : 213.0,
    "throughput" : 0.6765317293381059,
    "receivedKBytesPerSec" : 2.7681102931227475,
    "sentKBytesPerSec" : 0.45074887449721396
  },
  "click-catogery-188" : {
    "transaction" : "click-catogery-188",
    "sampleCount" : 55,
    "errorCount" : 0,
    "errorPct" : 0.0,
    "meanResTime" : 177.0181818181818,
    "medianResTime" : 165.0,
    "minResTime" : 160.0,
    "maxResTime" : 290.0,
    "pct1ResTime" : 217.79999999999998,
    "pct2ResTime" : 257.4,
    "pct3ResTime" : 290.0,
    "throughput" : 0.6761990238145001,
    "receivedKBytesPerSec" : 2.601697355600772,
    "sentKBytesPerSec" : 0.43000831033232106
  },
  "click-continue" : {
    "transaction" : "click-continue",
    "sampleCount" : 54,
    "errorCount" : 0,
    "errorPct" : 0.0,
    "meanResTime" : 208.12962962962962,
    "medianResTime" : 167.0,
    "minResTime" : 0.0,
    "maxResTime" : 1967.0,
    "pct1ResTime" : 225.5,
    "pct2ResTime" : 281.25,
    "pct3ResTime" : 1967.0,
    "throughput" : 0.6644681793571886,
    "receivedKBytesPerSec" : 2.969762756404735,
    "sentKBytesPerSec" : 0.8171146507542945
  },
  "signout" : {
    "transaction" : "signout",
    "sampleCount" : 51,
    "errorCount" : 0,
    "errorPct" : 0.0,
    "meanResTime" : 521.2549019607845,
    "medianResTime" : 504.0,
    "minResTime" : 0.0,
    "maxResTime" : 1365.0,
    "pct1ResTime" : 622.8000000000002,
    "pct2ResTime" : 698.3999999999999,
    "pct3ResTime" : 1365.0,
    "throughput" : 0.641872758164999,
    "receivedKBytesPerSec" : 6.1125155355232526,
    "sentKBytesPerSec" : 1.159252387357624
  },
  "click-itemid" : {
    "transaction" : "click-itemid",
    "sampleCount" : 55,
    "errorCount" : 0,
    "errorPct" : 0.0,
    "meanResTime" : 189.83636363636367,
    "medianResTime" : 167.0,
    "minResTime" : 161.0,
    "maxResTime" : 393.0,
    "pct1ResTime" : 279.79999999999995,
    "pct2ResTime" : 321.0,
    "pct3ResTime" : 393.0,
    "throughput" : 0.6763653356616698,
    "receivedKBytesPerSec" : 2.605831960106743,
    "sentKBytesPerSec" : 0.4463987196711635
  },
  "click-confirm" : {
    "transaction" : "click-confirm",
    "sampleCount" : 52,
    "errorCount" : 0,
    "errorPct" : 0.0,
    "meanResTime" : 177.25,
    "medianResTime" : 168.0,
    "minResTime" : 0.0,
    "maxResTime" : 307.0,
    "pct1ResTime" : 236.5,
    "pct2ResTime" : 254.9999999999999,
    "pct3ResTime" : 307.0,
    "throughput" : 0.6408281471440015,
    "receivedKBytesPerSec" : 3.294389576529669,
    "sentKBytesPerSec" : 0.3934291045350915
  },
  "click-proceedtocheckout" : {
    "transaction" : "click-proceedtocheckout",
    "sampleCount" : 55,
    "errorCount" : 0,
    "errorPct" : 0.0,
    "meanResTime" : 176.3272727272727,
    "medianResTime" : 165.0,
    "minResTime" : 0.0,
    "maxResTime" : 357.0,
    "pct1ResTime" : 229.6,
    "pct2ResTime" : 265.0,
    "pct3ResTime" : 357.0,
    "throughput" : 0.6783507443357712,
    "receivedKBytesPerSec" : 3.603906953403471,
    "sentKBytesPerSec" : 0.4318704596751317
  },
  "click-confirm-198" : {
    "transaction" : "click-confirm-198",
    "sampleCount" : 51,
    "errorCount" : 0,
    "errorPct" : 0.0,
    "meanResTime" : 180.72549019607843,
    "medianResTime" : 168.0,
    "minResTime" : 161.0,
    "maxResTime" : 307.0,
    "pct1ResTime" : 237.00000000000003,
    "pct2ResTime" : 255.99999999999997,
    "pct3ResTime" : 307.0,
    "throughput" : 0.6403978000452046,
    "receivedKBytesPerSec" : 3.356729729369145,
    "sentKBytesPerSec" : 0.40087401350485946
  },
  "signout-200" : {
    "transaction" : "signout-200",
    "sampleCount" : 48,
    "errorCount" : 0,
    "errorPct" : 0.0,
    "meanResTime" : 175.29166666666666,
    "medianResTime" : 164.0,
    "minResTime" : 160.0,
    "maxResTime" : 312.0,
    "pct1ResTime" : 208.4,
    "pct2ResTime" : 246.09999999999988,
    "pct3ResTime" : 312.0,
    "throughput" : 0.6371963361210673,
    "receivedKBytesPerSec" : 3.0945091596973318,
    "sentKBytesPerSec" : 0.40011449621664674
  },
  "signout-199-1" : {
    "transaction" : "signout-199-1",
    "sampleCount" : 49,
    "errorCount" : 0,
    "errorPct" : 0.0,
    "meanResTime" : 176.22448979591843,
    "medianResTime" : 164.0,
    "minResTime" : 161.0,
    "maxResTime" : 336.0,
    "pct1ResTime" : 229.0,
    "pct2ResTime" : 241.0,
    "pct3ResTime" : 336.0,
    "throughput" : 0.6507909101775728,
    "receivedKBytesPerSec" : 3.208195815016004,
    "sentKBytesPerSec" : 0.4086509328556439
  },
  "signout-199-0" : {
    "transaction" : "signout-199-0",
    "sampleCount" : 49,
    "errorCount" : 0,
    "errorPct" : 0.0,
    "meanResTime" : 173.08163265306123,
    "medianResTime" : 162.0,
    "minResTime" : 159.0,
    "maxResTime" : 325.0,
    "pct1ResTime" : 199.0,
    "pct2ResTime" : 226.5,
    "pct3ResTime" : 325.0,
    "throughput" : 0.6512666471729711,
    "receivedKBytesPerSec" : 0.14628059457986656,
    "sentKBytesPerSec" : 0.4146736855046652
  },
  "click-signin" : {
    "transaction" : "click-signin",
    "sampleCount" : 58,
    "errorCount" : 0,
    "errorPct" : 0.0,
    "meanResTime" : 203.17241379310343,
    "medianResTime" : 167.0,
    "minResTime" : 161.0,
    "maxResTime" : 1366.0,
    "pct1ResTime" : 229.8,
    "pct2ResTime" : 267.34999999999985,
    "pct3ResTime" : 1366.0,
    "throughput" : 0.6341500748953105,
    "receivedKBytesPerSec" : 2.5358955934770013,
    "sentKBytesPerSec" : 0.41863813538010736
  },
  "click-itemid-190" : {
    "transaction" : "click-itemid-190",
    "sampleCount" : 55,
    "errorCount" : 0,
    "errorPct" : 0.0,
    "meanResTime" : 189.83636363636367,
    "medianResTime" : 167.0,
    "minResTime" : 161.0,
    "maxResTime" : 393.0,
    "pct1ResTime" : 279.79999999999995,
    "pct2ResTime" : 321.0,
    "pct3ResTime" : 393.0,
    "throughput" : 0.6777071319434176,
    "receivedKBytesPerSec" : 2.611001497116664,
    "sentKBytesPerSec" : 0.44728430045221546
  },
  "click-addtocart" : {
    "transaction" : "click-addtocart",
    "sampleCount" : 55,
    "errorCount" : 0,
    "errorPct" : 0.0,
    "meanResTime" : 181.70909090909092,
    "medianResTime" : 167.0,
    "minResTime" : 160.0,
    "maxResTime" : 405.0,
    "pct1ResTime" : 238.0,