{
  "HTTP Request2" : {
    "transaction" : "HTTP Request2",
    "sampleCount" : 1,
    "errorCount" : 0,
    "errorPct" : 0.0,
    "meanResTime" : 409.0,
    "medianResTime" : 409.0,
    "minResTime" : 409.0,
    "maxResTime" : 409.0,
    "pct1ResTime" : 409.0,
    "pct2ResTime" : 409.0,
    "pct3ResTime" : 409.0,
    "throughput" : 2.444987775061125,
    "receivedKBytesPerSec" : 11.358209810513449,
    "sentKBytesPerSec" : 0.2745835880195599
  },
  "HTTP Request4" : {
    "transaction" : "HTTP Request4",
    "sampleCount" : 1,
    "errorCount" : 0,
    "errorPct" : 0.0,
    "meanResTime" : 383.0,
    "medianResTime" : 383.0,
    "minResTime" : 383.0,
    "maxResTime" : 383.0,
    "pct1ResTime" : 383.0,
    "pct2ResTime" : 383.0,
    "pct3ResTime" : 383.0,
    "throughput" : 2.6109660574412534,
    "receivedKBytesPerSec" : 12.129263218015666,
    "sentKBytesPerSec" : 0.293223727154047
  },
  "HTTP Request3" : {
    "transaction" : "HTTP Request3",
    "sampleCount" : 1,
    "errorCount" : 0,
    "errorPct" : 0.0,
    "meanResTime" : 356.0,
    "medianResTime" : 356.0,
    "minResTime" : 356.0,
    "maxResTime" : 356.0,
    "pct1ResTime" : 356.0,
    "pct2ResTime" : 356.0,
    "pct3ResTime" : 356.0,
    "throughput" : 2.8089887640449436,
    "receivedKBytesPerSec" : 13.049179248595506,
    "sentKBytesPerSec" : 0.31546260533707865
  },
  "Total" : {
    "transaction" : "Total",
    "sampleCount" : 3,
    "errorCount" : 0,
    "errorPct" : 0.0,
    "meanResTime" : 382.6666666666667,
    "medianResTime" : 383.0,
    "minResTime" : 356.0,
    "maxResTime" : 409.0,
    "pct1ResTime" : 409.0,
    "pct2ResTime" : 409.0,
    "pct3ResTime" : 409.0,
    "throughput" : 2.6109660574412534,
    "receivedKBytesPerSec" : 12.129263218015666,
    "sentKBytesPerSec" : 0.293223727154047
  }
}